<?xml version="1.0" encoding="UTF-8"?>
<project-private xmlns="http://www.netbeans.org/ns/project-private/1">
    <editor-bookmarks xmlns="http://www.netbeans.org/ns/editor-bookmarks/2" lastBookmarkId="0"/>
    <open-files xmlns="http://www.netbeans.org/ns/projectui-open-files/2">
        <group>
            <file>file:/Users/md.shahriarnur/Documents/GitHub/BSEC/src/companypkg/AddNewStockController.java</file>
            <file>file:/Users/md.shahriarnur/Documents/GitHub/BSEC/src/PlatformAdminstratorpkg/AddNewEmployeeSceneController.java</file>
            <file>file:/Users/md.shahriarnur/Documents/GitHub/BSEC/src/Brokerpkg/BuyStockSceneController.java</file>
            <file>file:/Users/md.shahriarnur/Documents/GitHub/BSEC/src/employeepkg/Employee.java</file>
            <file>file:/Users/md.shahriarnur/Documents/GitHub/BSEC/src/Stockpkg/Stock.java</file>
            <file>file:/Users/md.shahriarnur/Documents/GitHub/BSEC/src/investorpkg/StockListController.java</file>
            <file>file:/Users/md.shahriarnur/Documents/GitHub/BSEC/src/companypkg/CompanyLoginPageSceneController.java</file>
            <file>file:/Users/md.shahriarnur/Documents/GitHub/BSEC/src/PlatformAdminstratorpkg/PlatformAdminstrator.java</file>
        </group>
    </open-files>
</project-private>
